{
  "1": {
    "mean": 38.0,
    "median": 38.0,
    "std": 0.0,
    "min": 38.0,
    "max": 38.0,
    "tooth_count": 34,
    "tooth_range": "2-35"
  },
  "2": {
    "mean": 77.0,
    "median": 77.0,
    "std": 0.0,
    "min": 77.0,
    "max": 77.0,
    "tooth_count": 34,
    "tooth_range": "2-35"
  },
  "3": {
    "mean": 86.79491764705884,
    "median": 78.54,
    "std": 11.719861642840996,
    "min": 77.66720000000001,
    "max": 114.296,
    "tooth_count": 34,
    "tooth_range": "2-35"
  },
  "4": {
    "mean": 152.0,
    "median": 152.0,
    "std": 0.0,
    "min": 152.0,
    "max": 152.0,
    "tooth_count": 34,
    "tooth_range": "2-35"
  },
  "5": {
    "mean": 166.0,
    "median": 166.0,
    "std": 0.0,
    "min": 166.0,
    "max": 166.0,
    "tooth_count": 34,
    "tooth_range": "2-35"
  },
  "6": {
    "mean": 185.0,
    "median": 185.0,
    "std": 0.0,
    "min": 185.0,
    "max": 185.0,
    "tooth_count": 34,
    "tooth_range": "2-35"
  },
  "7": {
    "mean": 254.8330435965263,
    "median": 253.1747145040222,
    "std": 12.228162003091443,
    "min": 231.69001075475444,
    "max": 278.23429242109455,
    "tooth_count": 34,
    "tooth_range": "2-35"
  },
  "8": {
    "mean": 274.16976256971475,
    "median": 274.7921734596715,
    "std": 10.71602491621424,
    "min": 255.59755380847088,
    "max": 302.7715640236174,
    "tooth_count": 34,
    "tooth_range": "2-35"
  },
  "9": {
    "mean": 291.6090771523216,
    "median": 291.013327220599,
    "std": 9.62700248356122,
    "min": 269.6015078825651,
    "max": 317.5219006297887,
    "tooth_count": 34,
    "tooth_range": "2-35"
  },
  "10": {
    "mean": 305.1336090374357,
    "median": 304.777486439466,
    "std": 11.404407319475796,
    "min": 283.09442978484213,
    "max": 332.76384513976024,
    "tooth_count": 34,
    "tooth_range": "2-35"
  },
  "11": {
    "mean": 319.27442664298167,
    "median": 320.7134290529482,
    "std": 12.108637084100078,
    "min": 297.20677014714227,
    "max": 348.9617965461338,
    "tooth_count": 34,
    "tooth_range": "2-35"
  },
  "12": {
    "mean": 333.37889021315885,
    "median": 331.88494989247636,
    "std": 11.729657600775887,
    "min": 315.23201477985185,
    "max": 371.98692338612324,
    "tooth_count": 34,
    "tooth_range": "2-35"
  },
  "13": {
    "mean": 348.67984209344075,
    "median": 348.5259179830839,
    "std": 13.218804113626662,
    "min": 325.00178760137453,
    "max": 380.0897864213915,
    "tooth_count": 34,
    "tooth_range": "2-35"
  },
  "14": {
    "mean": 372.0387024959459,
    "median": 372.35418278743475,
    "std": 17.74993741768118,
    "min": 331.41573044278334,
    "max": 414.3726902282374,
    "tooth_count": 34,
    "tooth_range": "2-35"
  },
  "15": {
    "mean": 392.19142696580235,
    "median": 394.7974061092233,
    "std": 15.612575526371838,
    "min": 362.69077990210513,
    "max": 422.83587828133415,
    "tooth_count": 34,
    "tooth_range": "2-35"
  },
  "16": {
    "mean": 406.44774604695976,
    "median": 407.9236889660838,
    "std": 11.640157412901553,
    "min": 377.91041255152913,
    "max": 431.29259584696086,
    "tooth_count": 34,
    "tooth_range": "2-35"
  },
  "17": {
    "mean": 432.192322027506,
    "median": 427.32248086779884,
    "std": 18.298251507628695,
    "min": 408.72194335272894,
    "max": 475.63166471880925,
    "tooth_count": 34,
    "tooth_range": "2-35"
  },
  "18": {
    "mean": 455.41793154927296,
    "median": 449.7752504161353,
    "std": 20.716657802882967,
    "min": 421.0899183339061,
    "max": 504.24762536007034,
    "tooth_count": 34,
    "tooth_range": "2-35"
  },
  "19": {
    "mean": 472.56293058156893,
    "median": 470.2290225487758,
    "std": 18.391106847325876,
    "min": 442.3633523732995,
    "max": 514.3325778672718,
    "tooth_count": 34,
    "tooth_range": "2-35"
  },
  "20": {
    "mean": 500.7038533348412,
    "median": 494.35183065131025,
    "std": 24.93653013721044,
    "min": 459.1729687256463,
    "max": 559.2225200264263,
    "tooth_count": 34,
    "tooth_range": "2-35"
  },
  "21": {
    "mean": 525.4004955146839,
    "median": 522.3217265605691,
    "std": 22.864221510504706,
    "min": 489.1881966073698,
    "max": 575.6973456789234,
    "tooth_count": 34,
    "tooth_range": "2-35"
  },
  "22": {
    "mean": 549.2990723459071,
    "median": 550.6178827461189,
    "std": 19.467910039065018,
    "min": 511.1631818674692,
    "max": 587.8846814094015,
    "tooth_count": 34,
    "tooth_range": "2-35"
  },
  "23": {
    "mean": 575.0263995006823,
    "median": 576.2932325357035,
    "std": 17.16931252515162,
    "min": 543.3327378073088,
    "max": 609.1080093264537,
    "tooth_count": 34,
    "tooth_range": "2-35"
  },
  "24": {
    "mean": 603.5929602268398,
    "median": 600.9204061677868,
    "std": 23.97130642550015,
    "min": 573.0006517900183,
    "max": 701.4172046725151,
    "tooth_count": 34,
    "tooth_range": "2-35"
  },
  "25": {
    "mean": 634.5282997514103,
    "median": 635.9448594681614,
    "std": 27.84760536615895,
    "min": 592.2569544695616,
    "max": 715.4455487659654,
    "tooth_count": 34,
    "tooth_range": "2-35"
  },
  "26": {
    "mean": 666.0952071539724,
    "median": 663.4977052058405,
    "std": 27.22650717226256,
    "min": 611.9795053017256,
    "max": 729.7544597412848,
    "tooth_count": 34,
    "tooth_range": "2-35"
  },
  "27": {
    "mean": 698.1846331870971,
    "median": 695.8317091794069,
    "std": 27.039994212117623,
    "min": 637.6709358983063,
    "max": 744.3495489361105,
    "tooth_count": 34,
    "tooth_range": "2-35"
  },
  "28": {
    "mean": 736.9341940172073,
    "median": 739.0981246759429,
    "std": 24.687177129033163,
    "min": 679.7683091329579,
    "max": 784.7544488863431,
    "tooth_count": 34,
    "tooth_range": "2-35"
  },
  "29": {
    "mean": 766.1472304295465,
    "median": 763.3679190659689,
    "std": 24.49566952953631,
    "min": 727.9560848534447,
    "max": 826.10286005387,
    "tooth_count": 34,
    "tooth_range": "2-35"
  },
  "30": {
    "mean": 803.3294015246311,
    "median": 799.849824189695,
    "std": 35.40208124449114,
    "min": 748.2782804293195,
    "max": 916.0924848102052,
    "tooth_count": 34,
    "tooth_range": "2-35"
  },
  "31": {
    "mean": 849.3033318241438,
    "median": 841.7021172354964,
    "std": 39.690329338023375,
    "min": 774.863650107982,
    "max": 950.1798512039936,
    "tooth_count": 34,
    "tooth_range": "2-35"
  },
  "32": {
    "mean": 891.5324636243545,
    "median": 892.379384271064,
    "std": 34.33149685999533,
    "min": 829.2052929604803,
    "max": 969.1834482280735,
    "tooth_count": 34,
    "tooth_range": "2-35"
  },
  "33": {
    "mean": 936.6754927798127,
    "median": 932.731011104426,
    "std": 35.26305597719917,
    "min": 868.7995465959349,
    "max": 1050.9099816264436,
    "tooth_count": 34,
    "tooth_range": "2-35"
  },
  "34": {
    "mean": 973.3618418166261,
    "median": 963.8585885403716,
    "std": 35.081474052024134,
    "min": 919.37331675675,
    "max": 1071.9281812589725,
    "tooth_count": 34,
    "tooth_range": "2-35"
  },
  "35": {
    "mean": 1009.9524999341334,
    "median": 1010.1731504867982,
    "std": 38.103583104494874,
    "min": 930.5147021182946,
    "max": 1093.366744884152,
    "tooth_count": 34,
    "tooth_range": "2-35"
  }
}